{
  "mass_kg": 0.04303719037988297,
  "weight_N": 0.42219483762665194,
  "force_bias_N": [
    -48.59172566837114,
    -68.4312383977408,
    4.910680742158007
  ],
  "torque_bias_Nm": [
    -2.338721740054675,
    0.9325949103906935,
    1.440840355885835
  ],
  "com_m": [
    0.01832025693165654,
    -0.011878468841071355,
    -0.016101201925144873
  ],
  "com_mm": [
    18.32025693165654,
    -11.878468841071355,
    -16.101201925144874
  ],
  "tare_force_N": [
    0.0,
    0.0,
    0.0
  ],
  "tare_torque_Nm": [
    0.0,
    0.0,
    0.0
  ],
  "measurements": [
    {
      "name": "home",
      "g_sensor": [
        -0.38491134575927116,
        0.07338298790112494,
        -9.802171095884447
      ],
      "mean": [
        -48.59000015258789,
        -68.40500259399414,
        4.519999980926514,
        -2.3329999446868896,
        0.9390000104904175,
        1.440999984741211
      ],
      "std": [
        0.03899035475124765,
        0.05006062255954217,
        0.03137459267072672,
        0.0011233534950007835,
        0.001215678140747131,
        0.0009257874623893535
      ],
      "samples": 100
    },
    {
      "name": "j3_pos",
      "g_sensor": [
        -0.2255297748076413,
        -0.30613858085573076,
        -9.80262798896229
      ],
      "mean": [
        -48.540000915527344,
        -68.45999908447266,
        4.53000020980835,
        -2.3340001106262207,
        0.9390000104904175,
        1.440999984741211
      ],
      "std": [
        0.04617894346929867,
        0.04765975012877539,
        0.0273538369719189,
        0.0011618494453825474,
        0.0012018025035805103,
        0.0011750087381145542
      ],
      "samples": 99
    },
    {
      "name": "j3_neg",
      "g_sensor": [
        -0.2279541041971707,
        4.770174568260246,
        -8.569105642638727
      ],
      "mean": [
        -48.56999969482422,
        -68.30000305175781,
        4.519999980926514,
        -2.3310000896453857,
        0.9380000233650208,
        1.4420000314712524
      ],
      "std": [
        0.04633399698544656,
        0.06008311305037834,
        0.029853674292469934,
        0.001477133352618417,
        0.0012576197690726358,
        0.0009580548803516397
      ],
      "samples": 100
    },
    {
      "name": "j1p_j2p",
      "g_sensor": [
        -4.484439961755358,
        -7.525579035732525,
        -4.414924507435517
      ],
      "mean": [
        -48.70000076293945,
        -68.58999633789062,
        4.519999980926514,
        -2.3369998931884766,
        0.9430000185966492,
        1.4320000410079956
      ],
      "std": [
        0.04922317976309492,
        0.04904020074321951,
        0.03940667236536125,
        0.0013461960980085364,
        0.0011460184912828555,
        0.000984724956722653
      ],
      "samples": 99
    },
    {
      "name": "j1n_j2n",
      "g_sensor": [
        -0.33798900169127677,
        0.0008424259232423462,
        -9.8041757799957
      ],
      "mean": [
        -48.5,
        -68.43000030517578,
        4.550000190734863,
        -2.3340001106262207,
        0.9385000169277191,
        1.4420000314712524
      ],
      "std": [
        0.04553044670336108,
        0.05608101283338451,
        0.02781297115754765,
        0.0013267929089071594,
        0.001115168372419997,
        0.001143438555873688
      ],
      "samples": 100
    },
    {
      "name": "j1p_j2n",
      "g_sensor": [
        -8.520493143846126,
        -0.49044582999151665,
        -4.837019689180013
      ],
      "mean": [
        -49.27000045776367,
        -68.31999969482422,
        4.599999904632568,
        -2.3310000896453857,
        0.9480000138282776,
        1.4329999685287476
      ],
      "std": [
        0.0477492736579081,
        0.05982028213489954,
        0.032092955627654504,
        0.0012183497585403571,
        0.0010716232056524012,
        0.0011856959051492518
      ],
      "samples": 100
    },
    {
      "name": "j1n_j2p",
      "g_sensor": [
        -0.1746796469144431,
        -0.4411864409029104,
        -9.798517313620325
      ],
      "mean": [
        -48.529998779296875,
        -68.38999938964844,
        4.570000171661377,
        -2.3340001106262207,
        0.9390000104904175,
        1.4420000314712524
      ],
      "std": [
        0.04258856167690131,
        0.047764117050036414,
        0.02497114861715092,
        0.0012206706108944978,
        0.0012199896281342732,
        0.0009192807687215775
      ],
      "samples": 100
    },
    {
      "name": "random_1",
      "g_sensor": [
        -3.2860911084812034,
        -0.51062132414583,
        -9.229137071800826
      ],
      "mean": [
        -48.72999954223633,
        -68.4800033569336,
        4.519999980926514,
        -2.3369998931884766,
        0.9419999718666077,
        1.4390000104904175
      ],
      "std": [
        0.04492453392947495,
        0.05081300213571245,
        0.03808139733529741,
        0.0010514839309339295,
        0.0012354841609827482,
        0.0009705267292048527
      ],
      "samples": 100
    },
    {
      "name": "random_2",
      "g_sensor": [
        -0.3134798991342106,
        3.277117316438402,
        -9.241121817568382
      ],
      "mean": [
        -48.529998779296875,
        -68.3499984741211,
        4.550000190734863,
        -2.3329999446868896,
        0.9380000233650208,
        1.4429999589920044
      ],
      "std": [
        0.048833968255470296,
        0.057574162209157446,
        0.02409229383163894,
        0.0015456767464324666,
        0.001247245098732199,
        0.0011939903198849647
      ],
      "samples": 100
    },
    {
      "name": "random_3",
      "g_sensor": [
        -6.871666861310978,
        -0.32535677439475236,
        -6.993599753811766
      ],
      "mean": [
        -49.060001373291016,
        -68.45999908447266,
        4.590000152587891,
        -2.3359999656677246,
        0.9459999799728394,
        1.437000036239624
      ],
      "std": [
        0.04332765797050058,
        0.04940225756919838,
        0.029755628648444495,
        0.0013693906723238937,
        0.0010657517883516008,
        0.0009142566890230457
      ],
      "samples": 99
    },
    {
      "name": "random_4",
      "g_sensor": [
        -0.2942199139912344,
        1.6450819913603638,
        -9.666604361610794
      ],
      "mean": [
        -48.560001373291016,
        -68.37999725341797,
        4.5,
        -2.3329999446868896,
        0.9390000104904175,
        1.4420000314712524
      ],
      "std": [
        0.04750213477624635,
        0.05729539526797586,
        0.028896448732011984,
        0.0011791634249422101,
        0.0011010859797883595,
        0.0011974433604812912
      ],
      "samples": 100
    },
    {
      "name": "random_5",
      "g_sensor": [
        -1.451549643974836,
        3.3413653048103975,
        -9.108478551925446
      ],
      "mean": [
        -48.66999816894531,
        -68.33999633789062,
        4.539999961853027,
        -2.3320000171661377,
        0.9399999976158142,
        1.4420000314712524
      ],
      "std": [
        0.048681554158292055,
        0.06321571888860661,
        0.030721320338180327,
        0.0014984484259006681,
        0.0013160923897216727,
        0.0012066682219294509
      ],
      "samples": 102
    },
    {
      "name": "random_6",
      "g_sensor": [
        -0.27771557263382285,
        -0.23532948250223434,
        -9.803244059768272
      ],
      "mean": [
        -48.5099983215332,
        -68.4800033569336,
        4.53000020980835,
        -2.3359999656677246,
        0.9390000104904175,
        1.444000005722046
      ],
      "std": [
        0.0506537890511081,
        0.05295900786228035,
        0.03035968925338534,
        0.0012688272330361678,
        0.0012370870189405058,
        0.001237585369045156
      ],
      "samples": 100
    },
    {
      "name": "random_7",